{
  "id": "",
  "name": "",
  "font_family": "iconfont",
  "css_prefix_text": "icon-",
  "description": "",
  "glyphs": [
    {
      "icon_id": "66466786",
      "name": "中英文",
      "font_class": "zhongyingwen",
      "unicode": "e605",
      "unicode_decimal": 58885
    },
    {
      "icon_id": "66495098",
      "name": "主题",
      "font_class": "zhuti1",
      "unicode": "e653",
      "unicode_decimal": 58963
    },
    {
      "icon_id": "66538940",
      "name": "icon／bell",
      "font_class": "iconbell",
      "unicode": "e6c9",
      "unicode_decimal": 59081
    },
    {
      "icon_id": "66671200",
      "name": "help",
      "font_class": "help",
      "unicode": "e615",
      "unicode_decimal": 58901
    },
    {
      "icon_id": "67926118",
      "name": "zhanghao",
      "font_class": "zhanghao",
      "unicode": "e625",
      "unicode_decimal": 58917
    },
    {
      "icon_id": "67926119",
      "name": "mima",
      "font_class": "mima",
      "unicode": "e626",
      "unicode_decimal": 58918
    },
    {
      "icon_id": "67927385",
      "name": "验证码",
      "font_class": "yanzhengma",
      "unicode": "e636",
      "unicode_decimal": 58934
    },
    {
      "icon_id": "70969812",
      "name": "菜单",
      "font_class": "caidan",
      "unicode": "e609",
      "unicode_decimal": 58889
    },
    {
      "icon_id": "71776018",
      "name": "大屏",
      "font_class": "daping",
      "unicode": "e6a7",
      "unicode_decimal": 59047
    },
    {
      "icon_id": "79285133",
      "name": "开始",
      "font_class": "kaishi",
      "unicode": "e6ec",
      "unicode_decimal": 59116
    },
    {
      "icon_id": "79285626",
      "name": "服务任务管理",
      "font_class": "fuwurenwuguanli",
      "unicode": "e660",
      "unicode_decimal": 58976
    },
    {
      "icon_id": "79285627",
      "name": "message5-信息",
      "font_class": "message5xinxi",
      "unicode": "e6a8",
      "unicode_decimal": 59048
    },
    {
      "icon_id": "79285628",
      "name": "结束",
      "font_class": "jieshu",
      "unicode": "e676",
      "unicode_decimal": 58998
    },
    {
      "icon_id": "79285810",
      "name": "网关",
      "font_class": "wangguan",
      "unicode": "ec5d",
      "unicode_decimal": 60509
    }
  ]
}
