{
  "id": "2921159",
  "name": "goocent",
  "font_family": "gsfont",
  "css_prefix_text": "gs-icon-",
  "description": "谷神实验室",
  "glyphs": [
    {
      "icon_id": "30612966",
      "name": "发送消息",
      "font_class": "fasongxiaoxi",
      "unicode": "e6f7",
      "unicode_decimal": 59127
    },
    {
      "icon_id": "30612967",
      "name": "白名单",
      "font_class": "baimingdan",
      "unicode": "e6f8",
      "unicode_decimal": 59128
    },
    {
      "icon_id": "30612968",
      "name": "模型分类",
      "font_class": "moxingfenlei",
      "unicode": "e6f9",
      "unicode_decimal": 59129
    },
    {
      "icon_id": "30612969",
      "name": "灰度发布",
      "font_class": "huidufabu",
      "unicode": "e6fa",
      "unicode_decimal": 59130
    },
    {
      "icon_id": "30612970",
      "name": "服务治理",
      "font_class": "fuwuzhili",
      "unicode": "e6fb",
      "unicode_decimal": 59131
    },
    {
      "icon_id": "30612972",
      "name": "委托审批",
      "font_class": "weituoshenpi",
      "unicode": "e6fd",
      "unicode_decimal": 59133
    },
    {
      "icon_id": "30612973",
      "name": "我的待阅",
      "font_class": "wodedaiyue1",
      "unicode": "e6fe",
      "unicode_decimal": 59134
    },
    {
      "icon_id": "30612974",
      "name": "事务与日志",
      "font_class": "shiwuyurizhi",
      "unicode": "e6ff",
      "unicode_decimal": 59135
    },
    {
      "icon_id": "30612975",
      "name": "数据审计",
      "font_class": "shujushenji",
      "unicode": "e700",
      "unicode_decimal": 59136
    },
    {
      "icon_id": "30612976",
      "name": "我的待办",
      "font_class": "wodedaiban1",
      "unicode": "e701",
      "unicode_decimal": 59137
    },
    {
      "icon_id": "30612977",
      "name": "我的已审批",
      "font_class": "wodeyishenpi",
      "unicode": "e702",
      "unicode_decimal": 59138
    },
    {
      "icon_id": "30612978",
      "name": "我的流程",
      "font_class": "wodeliucheng1",
      "unicode": "e703",
      "unicode_decimal": 59139
    },
    {
      "icon_id": "30612979",
      "name": "网关中心",
      "font_class": "wangguanzhongxin",
      "unicode": "e704",
      "unicode_decimal": 59140
    },
    {
      "icon_id": "30612980",
      "name": "我的转办",
      "font_class": "wodezhuanban",
      "unicode": "e705",
      "unicode_decimal": 59141
    },
    {
      "icon_id": "30612981",
      "name": "业务数据管理",
      "font_class": "yewushujuguanli",
      "unicode": "e706",
      "unicode_decimal": 59142
    },
    {
      "icon_id": "30306323",
      "name": "数据中心",
      "font_class": "shujuzhongxin",
      "unicode": "e6f3",
      "unicode_decimal": 59123
    },
    {
      "icon_id": "30306324",
      "name": "规则中心",
      "font_class": "guizezhongxin",
      "unicode": "e6f4",
      "unicode_decimal": 59124
    },
    {
      "icon_id": "30306325",
      "name": "管理视图",
      "font_class": "guanlishitu",
      "unicode": "e6f5",
      "unicode_decimal": 59125
    },
    {
      "icon_id": "30306326",
      "name": "资产门户",
      "font_class": "zichanmenhu",
      "unicode": "e6f6",
      "unicode_decimal": 59126
    },
    {
      "icon_id": "11729723",
      "name": "复制",
      "font_class": "fuzhi1",
      "unicode": "e6c0",
      "unicode_decimal": 59072
    },
    {
      "icon_id": "30182172",
      "name": "谷神学院",
      "font_class": "gushenxueyuan",
      "unicode": "e6f2",
      "unicode_decimal": 59122
    },
    {
      "icon_id": "30079345",
      "name": "代码评审",
      "font_class": "daimapingshen",
      "unicode": "e6eb",
      "unicode_decimal": 59115
    },
    {
      "icon_id": "30079346",
      "name": "第三方应用",
      "font_class": "disanfangyingyong",
      "unicode": "e6ec",
      "unicode_decimal": 59116
    },
    {
      "icon_id": "30079347",
      "name": "模型应用",
      "font_class": "moxingyingyong",
      "unicode": "e6ed",
      "unicode_decimal": 59117
    },
    {
      "icon_id": "30079348",
      "name": "平台管理",
      "font_class": "pingtaiguanli",
      "unicode": "e6ee",
      "unicode_decimal": 59118
    },
    {
      "icon_id": "30079349",
      "name": "文件中心",
      "font_class": "wenjianzhongxin",
      "unicode": "e6ef",
      "unicode_decimal": 59119
    },
    {
      "icon_id": "30079350",
      "name": "数据模型",
      "font_class": "shujumoxing",
      "unicode": "e6f0",
      "unicode_decimal": 59120
    },
    {
      "icon_id": "30079351",
      "name": "服务管理",
      "font_class": "fuwuguanli",
      "unicode": "e6f1",
      "unicode_decimal": 59121
    },
    {
      "icon_id": "29926072",
      "name": "nvxing",
      "font_class": "nvxing",
      "unicode": "e6be",
      "unicode_decimal": 59070
    },
    {
      "icon_id": "29926073",
      "name": "nanxing",
      "font_class": "nanxing",
      "unicode": "e6bf",
      "unicode_decimal": 59071
    },
    {
      "icon_id": "29703843",
      "name": "返回",
      "font_class": "fanhui",
      "unicode": "e6e9",
      "unicode_decimal": 59113
    },
    {
      "icon_id": "29660862",
      "name": "faqiren",
      "font_class": "faqiren",
      "unicode": "e6bd",
      "unicode_decimal": 59069
    },
    {
      "icon_id": "29629907",
      "name": "jibenxinxi",
      "font_class": "jibenxinxi",
      "unicode": "e6af",
      "unicode_decimal": 59055
    },
    {
      "icon_id": "29629908",
      "name": "cuiban1",
      "font_class": "cuiban1",
      "unicode": "e6b0",
      "unicode_decimal": 59056
    },
    {
      "icon_id": "29629909",
      "name": "liuchengbianliang",
      "font_class": "liuchengbianliang",
      "unicode": "e6b1",
      "unicode_decimal": 59057
    },
    {
      "icon_id": "29629910",
      "name": "jiedianpeizhi",
      "font_class": "jiedianpeizhi",
      "unicode": "e6b2",
      "unicode_decimal": 59058
    },
    {
      "icon_id": "29629911",
      "name": "chaosong",
      "font_class": "chaosong",
      "unicode": "e6b3",
      "unicode_decimal": 59059
    },
    {
      "icon_id": "29629912",
      "name": "shenpiren",
      "font_class": "shenpiren",
      "unicode": "e6b4",
      "unicode_decimal": 59060
    },
    {
      "icon_id": "29629913",
      "name": "tuisongxiaoxi",
      "font_class": "tuisongxiaoxi",
      "unicode": "e6b5",
      "unicode_decimal": 59061
    },
    {
      "icon_id": "29629914",
      "name": "zhihangdongzuo",
      "font_class": "zhihangdongzuo",
      "unicode": "e6b6",
      "unicode_decimal": 59062
    },
    {
      "icon_id": "29629915",
      "name": "dongzuopeizhi",
      "font_class": "dongzuopeizhi",
      "unicode": "e6b7",
      "unicode_decimal": 59063
    },
    {
      "icon_id": "29629916",
      "name": "tongbuyibu",
      "font_class": "tongbuyibu",
      "unicode": "e6b8",
      "unicode_decimal": 59064
    },
    {
      "icon_id": "29629917",
      "name": "tiaojianshezhi",
      "font_class": "tiaojianshezhi",
      "unicode": "e6b9",
      "unicode_decimal": 59065
    },
    {
      "icon_id": "29629918",
      "name": "shenpirenbeifen",
      "font_class": "shenpirenbeifen",
      "unicode": "e6ba",
      "unicode_decimal": 59066
    },
    {
      "icon_id": "29629919",
      "name": "shezhishuoming",
      "font_class": "shezhishuoming",
      "unicode": "e6bb",
      "unicode_decimal": 59067
    },
    {
      "icon_id": "29629920",
      "name": "yewubiaodanpeizhi",
      "font_class": "yewubiaodanpeizhi",
      "unicode": "e6bc",
      "unicode_decimal": 59068
    },
    {
      "icon_id": "29535831",
      "name": "bianji",
      "font_class": "bianji",
      "unicode": "e69a",
      "unicode_decimal": 59034
    },
    {
      "icon_id": "29535832",
      "name": "zhankai",
      "font_class": "zhankai",
      "unicode": "e69b",
      "unicode_decimal": 59035
    },
    {
      "icon_id": "29535833",
      "name": "daochu",
      "font_class": "daochu",
      "unicode": "e69c",
      "unicode_decimal": 59036
    },
    {
      "icon_id": "29535834",
      "name": "bingxingfenzhi",
      "font_class": "bingxingfenzhi",
      "unicode": "e69d",
      "unicode_decimal": 59037
    },
    {
      "icon_id": "29535835",
      "name": "fabu",
      "font_class": "fabu",
      "unicode": "e69e",
      "unicode_decimal": 59038
    },
    {
      "icon_id": "29535836",
      "name": "duotiaojianmoban",
      "font_class": "duotiaojianmoban",
      "unicode": "e69f",
      "unicode_decimal": 59039
    },
    {
      "icon_id": "29535837",
      "name": "gaojishejiqi",
      "font_class": "gaojishejiqi",
      "unicode": "e6a0",
      "unicode_decimal": 59040
    },
    {
      "icon_id": "29535838",
      "name": "guizhejiedian",
      "font_class": "guizhejiedian",
      "unicode": "e6a1",
      "unicode_decimal": 59041
    },
    {
      "icon_id": "29535839",
      "name": "jiandanliucheng",
      "font_class": "jiandanliucheng",
      "unicode": "e6a2",
      "unicode_decimal": 59042
    },
    {
      "icon_id": "29535840",
      "name": "suoxiao",
      "font_class": "suoxiao",
      "unicode": "e6a3",
      "unicode_decimal": 59043
    },
    {
      "icon_id": "29535841",
      "name": "lishibanben",
      "font_class": "lishibanben",
      "unicode": "e6a4",
      "unicode_decimal": 59044
    },
    {
      "icon_id": "29535842",
      "name": "shoqi",
      "font_class": "shoqi",
      "unicode": "e6a5",
      "unicode_decimal": 59045
    },
    {
      "icon_id": "29535843",
      "name": "shnepiren",
      "font_class": "shnepirenjiedian",
      "unicode": "e6a6",
      "unicode_decimal": 59046
    },
    {
      "icon_id": "29535844",
      "name": "shezhi",
      "font_class": "shezhi",
      "unicode": "e6a7",
      "unicode_decimal": 59047
    },
    {
      "icon_id": "29535845",
      "name": "shanchu",
      "font_class": "shanchu",
      "unicode": "e6a8",
      "unicode_decimal": 59048
    },
    {
      "icon_id": "29535846",
      "name": "quanping",
      "font_class": "quanping",
      "unicode": "e6a9",
      "unicode_decimal": 59049
    },
    {
      "icon_id": "29535847",
      "name": "fuwujiedian",
      "font_class": "fuwujiedian",
      "unicode": "e6aa",
      "unicode_decimal": 59050
    },
    {
      "icon_id": "29535848",
      "name": "tiaojianfenzhi",
      "font_class": "tiaojianfenzhi",
      "unicode": "e6ab",
      "unicode_decimal": 59051
    },
    {
      "icon_id": "29535849",
      "name": "cuiban",
      "font_class": "cuiban",
      "unicode": "e6ac",
      "unicode_decimal": 59052
    },
    {
      "icon_id": "29535850",
      "name": "fangda",
      "font_class": "fangda",
      "unicode": "e6ad",
      "unicode_decimal": 59053
    },
    {
      "icon_id": "29535851",
      "name": "kuaisusheji",
      "font_class": "kuaisusheji",
      "unicode": "e6ae",
      "unicode_decimal": 59054
    },
    {
      "icon_id": "28935104",
      "name": "流程设计",
      "font_class": "liuchengsheji",
      "unicode": "e67d",
      "unicode_decimal": 59005
    },
    {
      "icon_id": "28935105",
      "name": "我的学习库",
      "font_class": "wodexuexiku",
      "unicode": "e67e",
      "unicode_decimal": 59006
    },
    {
      "icon_id": "28935106",
      "name": "数据模型",
      "font_class": "shujvmoxing",
      "unicode": "e67f",
      "unicode_decimal": 59007
    },
    {
      "icon_id": "28935107",
      "name": "我的收藏",
      "font_class": "wodeshoucang",
      "unicode": "e680",
      "unicode_decimal": 59008
    },
    {
      "icon_id": "28935108",
      "name": "项目回收站",
      "font_class": "xiangmuhuishouzhan",
      "unicode": "e681",
      "unicode_decimal": 59009
    },
    {
      "icon_id": "28935109",
      "name": "原型设计",
      "font_class": "yuanxingsheji",
      "unicode": "e682",
      "unicode_decimal": 59010
    },
    {
      "icon_id": "28935110",
      "name": "技术栈设计",
      "font_class": "jishuzhansheji",
      "unicode": "e683",
      "unicode_decimal": 59011
    },
    {
      "icon_id": "28935111",
      "name": "共享项目列表",
      "font_class": "gongxiangxiangmuliebiao",
      "unicode": "e684",
      "unicode_decimal": 59012
    },
    {
      "icon_id": "28935112",
      "name": "领域模型",
      "font_class": "lingyumoxing",
      "unicode": "e685",
      "unicode_decimal": 59013
    },
    {
      "icon_id": "28935113",
      "name": "用例设计",
      "font_class": "yonglisheji",
      "unicode": "e686",
      "unicode_decimal": 59014
    },
    {
      "icon_id": "28935114",
      "name": "项目列表",
      "font_class": "xiangmuliebiao",
      "unicode": "e687",
      "unicode_decimal": 59015
    },
    {
      "icon_id": "28935115",
      "name": "需求文档",
      "font_class": "xuqiuwendan",
      "unicode": "e688",
      "unicode_decimal": 59016
    },
    {
      "icon_id": "28935116",
      "name": "功能蓝图",
      "font_class": "gongnenglantu",
      "unicode": "e689",
      "unicode_decimal": 59017
    },
    {
      "icon_id": "28935117",
      "name": "愿景设计",
      "font_class": "yuanjingsheji",
      "unicode": "e68a",
      "unicode_decimal": 59018
    },
    {
      "icon_id": "28935118",
      "name": "收藏项目",
      "font_class": "shoucangxiangmu",
      "unicode": "e68b",
      "unicode_decimal": 59019
    },
    {
      "icon_id": "28935120",
      "name": "已赞",
      "font_class": "yizan",
      "unicode": "e68c",
      "unicode_decimal": 59020
    },
    {
      "icon_id": "28935121",
      "name": "表情",
      "font_class": "biaoqing",
      "unicode": "e68d",
      "unicode_decimal": 59021
    },
    {
      "icon_id": "28935122",
      "name": "图片",
      "font_class": "tupian",
      "unicode": "e68e",
      "unicode_decimal": 59022
    },
    {
      "icon_id": "28935123",
      "name": "分享",
      "font_class": "fenxiang",
      "unicode": "e68f",
      "unicode_decimal": 59023
    },
    {
      "icon_id": "28935124",
      "name": "克隆",
      "font_class": "kelong",
      "unicode": "e690",
      "unicode_decimal": 59024
    },
    {
      "icon_id": "28935125",
      "name": "设计器",
      "font_class": "shejiqi",
      "unicode": "e693",
      "unicode_decimal": 59027
    },
    {
      "icon_id": "28935126",
      "name": "点赞",
      "font_class": "dianzan_mo",
      "unicode": "e695",
      "unicode_decimal": 59029
    },
    {
      "icon_id": "28935127",
      "name": "协助",
      "font_class": "xiezhu",
      "unicode": "e696",
      "unicode_decimal": 59030
    },
    {
      "icon_id": "28935128",
      "name": "机构式学习",
      "font_class": "jigoushixuexi",
      "unicode": "e697",
      "unicode_decimal": 59031
    },
    {
      "icon_id": "28935129",
      "name": "设计管理",
      "font_class": "shejiguanli",
      "unicode": "e698",
      "unicode_decimal": 59032
    },
    {
      "icon_id": "28935130",
      "name": "项目管理",
      "font_class": "xiangmuguanli1",
      "unicode": "e699",
      "unicode_decimal": 59033
    },
    {
      "icon_id": "28915341",
      "name": "同步任务",
      "font_class": "tongburenwu",
      "unicode": "e676",
      "unicode_decimal": 58998
    },
    {
      "icon_id": "28915342",
      "name": "etl任务",
      "font_class": "etlrenwu",
      "unicode": "e678",
      "unicode_decimal": 59000
    },
    {
      "icon_id": "28915343",
      "name": "规则库配置",
      "font_class": "guizekupeizhi",
      "unicode": "e679",
      "unicode_decimal": 59001
    },
    {
      "icon_id": "28915344",
      "name": "gongzuorizhi",
      "font_class": "gongzuorizhi",
      "unicode": "e67a",
      "unicode_decimal": 59002
    },
    {
      "icon_id": "28915345",
      "name": "sql-ide",
      "font_class": "sql-ide",
      "unicode": "e67b",
      "unicode_decimal": 59003
    },
    {
      "icon_id": "28915346",
      "name": "标签规则定义",
      "font_class": "biaoqianguizedingyi",
      "unicode": "e67c",
      "unicode_decimal": 59004
    },
    {
      "icon_id": "28915337",
      "name": "标签权重",
      "font_class": "biaoqianquanzhong",
      "unicode": "e672",
      "unicode_decimal": 58994
    },
    {
      "icon_id": "28915338",
      "name": "评估模型",
      "font_class": "pinggumoxing",
      "unicode": "e673",
      "unicode_decimal": 58995
    },
    {
      "icon_id": "28915339",
      "name": "数据质量",
      "font_class": "shujuzhiliang",
      "unicode": "e674",
      "unicode_decimal": 58996
    },
    {
      "icon_id": "28915340",
      "name": "评估结果",
      "font_class": "pinggujieguo",
      "unicode": "e675",
      "unicode_decimal": 58997
    },
    {
      "icon_id": "14996042",
      "name": "模块",
      "font_class": "mokuai",
      "unicode": "e692",
      "unicode_decimal": 59026
    },
    {
      "icon_id": "6429564",
      "name": "主页",
      "font_class": "zhuye",
      "unicode": "e670",
      "unicode_decimal": 58992
    },
    {
      "icon_id": "1305477",
      "name": "日历",
      "font_class": "rili",
      "unicode": "e66f",
      "unicode_decimal": 58991
    },
    {
      "icon_id": "5638788",
      "name": "复制",
      "font_class": "fuzhi",
      "unicode": "e66e",
      "unicode_decimal": 58990
    },
    {
      "icon_id": "21489486",
      "name": "line-barcode box（条形码）-02",
      "font_class": "line-barcode",
      "unicode": "e717",
      "unicode_decimal": 59159
    },
    {
      "icon_id": "22928467",
      "name": "粘贴",
      "font_class": "niantie",
      "unicode": "e677",
      "unicode_decimal": 58999
    },
    {
      "icon_id": "7789608",
      "name": "撤销",
      "font_class": "chexiao",
      "unicode": "e66c",
      "unicode_decimal": 58988
    },
    {
      "icon_id": "7789621",
      "name": "重做",
      "font_class": "zhongzuo",
      "unicode": "e66d",
      "unicode_decimal": 58989
    },
    {
      "icon_id": "26622357",
      "name": "监控规则集",
      "font_class": "jiankongguizeji",
      "unicode": "e662",
      "unicode_decimal": 58978
    },
    {
      "icon_id": "26622358",
      "name": "我的流程",
      "font_class": "wodeliucheng",
      "unicode": "e663",
      "unicode_decimal": 58979
    },
    {
      "icon_id": "26622359",
      "name": "我的工作台",
      "font_class": "wodegongzuotai",
      "unicode": "e664",
      "unicode_decimal": 58980
    },
    {
      "icon_id": "26622360",
      "name": "我的待办",
      "font_class": "wodedaiban",
      "unicode": "e665",
      "unicode_decimal": 58981
    },
    {
      "icon_id": "26622361",
      "name": "我的待阅",
      "font_class": "wodedaiyue",
      "unicode": "e666",
      "unicode_decimal": 58982
    },
    {
      "icon_id": "26622362",
      "name": "我的已办",
      "font_class": "wodeyiban",
      "unicode": "e667",
      "unicode_decimal": 58983
    },
    {
      "icon_id": "26622363",
      "name": "指标关系",
      "font_class": "zhibiaoguanxi",
      "unicode": "e668",
      "unicode_decimal": 58984
    },
    {
      "icon_id": "26622364",
      "name": "规则参数",
      "font_class": "guizecanshu",
      "unicode": "e669",
      "unicode_decimal": 58985
    },
    {
      "icon_id": "26622365",
      "name": "影响分析",
      "font_class": "yingxiangfenxi",
      "unicode": "e66a",
      "unicode_decimal": 58986
    },
    {
      "icon_id": "26622366",
      "name": "规则运算日志",
      "font_class": "guizeyunsuanrizhi",
      "unicode": "e66b",
      "unicode_decimal": 58987
    },
    {
      "icon_id": "26065142",
      "name": "表间关系",
      "font_class": "biaodanguanxi",
      "unicode": "e60c",
      "unicode_decimal": 58892
    },
    {
      "icon_id": "26065143",
      "name": "API监控",
      "font_class": "apijiankong",
      "unicode": "e63c",
      "unicode_decimal": 58940
    },
    {
      "icon_id": "26065144",
      "name": "API组",
      "font_class": "apizu",
      "unicode": "e646",
      "unicode_decimal": 58950
    },
    {
      "icon_id": "26065145",
      "name": "API服务",
      "font_class": "apifuwu",
      "unicode": "e647",
      "unicode_decimal": 58951
    },
    {
      "icon_id": "26065146",
      "name": "规范定义",
      "font_class": "guifandingyi",
      "unicode": "e648",
      "unicode_decimal": 58952
    },
    {
      "icon_id": "26065147",
      "name": "基础配置",
      "font_class": "jichupeizhi",
      "unicode": "e649",
      "unicode_decimal": 58953
    },
    {
      "icon_id": "26065148",
      "name": "表注册",
      "font_class": "biaozhuce",
      "unicode": "e64a",
      "unicode_decimal": 58954
    },
    {
      "icon_id": "26065149",
      "name": "数据开发",
      "font_class": "shujukaifa",
      "unicode": "e64b",
      "unicode_decimal": 58955
    },
    {
      "icon_id": "26065150",
      "name": "规则计算执行",
      "font_class": "guizejisuan",
      "unicode": "e64c",
      "unicode_decimal": 58956
    },
    {
      "icon_id": "26065151",
      "name": "规则分组",
      "font_class": "guizefenzu",
      "unicode": "e64d",
      "unicode_decimal": 58957
    },
    {
      "icon_id": "26065152",
      "name": "数据标准",
      "font_class": "shujubiaozhun",
      "unicode": "e64e",
      "unicode_decimal": 58958
    },
    {
      "icon_id": "26065153",
      "name": "数仓设置",
      "font_class": "shucangshezhi",
      "unicode": "e64f",
      "unicode_decimal": 58959
    },
    {
      "icon_id": "26065154",
      "name": "任务管理",
      "font_class": "renwuguanli",
      "unicode": "e650",
      "unicode_decimal": 58960
    },
    {
      "icon_id": "26065155",
      "name": "日志查询",
      "font_class": "rizhichaxun",
      "unicode": "e651",
      "unicode_decimal": 58961
    },
    {
      "icon_id": "26065156",
      "name": "数据资产",
      "font_class": "shujuzichan",
      "unicode": "e652",
      "unicode_decimal": 58962
    },
    {
      "icon_id": "26065157",
      "name": "资产质量报告",
      "font_class": "zichanzhiliang",
      "unicode": "e653",
      "unicode_decimal": 58963
    },
    {
      "icon_id": "26065158",
      "name": "规则配置",
      "font_class": "guizepeizhi",
      "unicode": "e654",
      "unicode_decimal": 58964
    },
    {
      "icon_id": "26065159",
      "name": "数据API",
      "font_class": "shujuapi",
      "unicode": "e655",
      "unicode_decimal": 58965
    },
    {
      "icon_id": "26065160",
      "name": "数据源管理",
      "font_class": "shujuyuanguanli",
      "unicode": "e656",
      "unicode_decimal": 58966
    },
    {
      "icon_id": "26065161",
      "name": "项目管理",
      "font_class": "xiangmuguanli",
      "unicode": "e657",
      "unicode_decimal": 58967
    },
    {
      "icon_id": "26065162",
      "name": "子主题",
      "font_class": "zizhuti",
      "unicode": "e658",
      "unicode_decimal": 58968
    },
    {
      "icon_id": "26065163",
      "name": "领域配置",
      "font_class": "lingyupeizhi",
      "unicode": "e659",
      "unicode_decimal": 58969
    },
    {
      "icon_id": "26065164",
      "name": "血缘关系",
      "font_class": "xieyuanguanxi",
      "unicode": "e65a",
      "unicode_decimal": 58970
    },
    {
      "icon_id": "26065165",
      "name": "数据仓建模",
      "font_class": "shujucangjianmo",
      "unicode": "e65b",
      "unicode_decimal": 58971
    },
    {
      "icon_id": "26065166",
      "name": "调度配置",
      "font_class": "tiaodupeizhi",
      "unicode": "e65c",
      "unicode_decimal": 58972
    },
    {
      "icon_id": "26065167",
      "name": "维度定义",
      "font_class": "weidudingyi",
      "unicode": "e65d",
      "unicode_decimal": 58973
    },
    {
      "icon_id": "26065168",
      "name": "指标管理",
      "font_class": "zhibiaoguanli",
      "unicode": "e65e",
      "unicode_decimal": 58974
    },
    {
      "icon_id": "26065169",
      "name": "数据字典",
      "font_class": "shujuzidian",
      "unicode": "e65f",
      "unicode_decimal": 58975
    },
    {
      "icon_id": "26065170",
      "name": "元数据管理",
      "font_class": "yuanshujuguanli",
      "unicode": "e660",
      "unicode_decimal": 58976
    },
    {
      "icon_id": "26065171",
      "name": "指标地图",
      "font_class": "zhibiaoditu",
      "unicode": "e661",
      "unicode_decimal": 58977
    },
    {
      "icon_id": "5317118",
      "name": "database",
      "font_class": "shujuku",
      "unicode": "e758",
      "unicode_decimal": 59224
    },
    {
      "icon_id": "25817520",
      "name": "用户行为",
      "font_class": "yhxw",
      "unicode": "e645",
      "unicode_decimal": 58949
    },
    {
      "icon_id": "25817467",
      "name": "链路追踪",
      "font_class": "llzz",
      "unicode": "e644",
      "unicode_decimal": 58948
    },
    {
      "icon_id": "25817452",
      "name": "日志中心",
      "font_class": "rzzz",
      "unicode": "e643",
      "unicode_decimal": 58947
    },
    {
      "icon_id": "25817388",
      "name": "快递中心",
      "font_class": "kdzx",
      "unicode": "e642",
      "unicode_decimal": 58946
    },
    {
      "icon_id": "25817376",
      "name": "调度异常监控",
      "font_class": "ddycjk",
      "unicode": "e641",
      "unicode_decimal": 58945
    },
    {
      "icon_id": "25817365",
      "name": "提交请求",
      "font_class": "tjqq",
      "unicode": "e640",
      "unicode_decimal": 58944
    },
    {
      "icon_id": "25817342",
      "name": "开放文档",
      "font_class": "kfwd",
      "unicode": "e63f",
      "unicode_decimal": 58943
    },
    {
      "icon_id": "25817262",
      "name": "服务设计",
      "font_class": "fwsj",
      "unicode": "e63e",
      "unicode_decimal": 58942
    },
    {
      "icon_id": "25817226",
      "name": "服务管理",
      "font_class": "fwgl",
      "unicode": "e63d",
      "unicode_decimal": 58941
    },
    {
      "icon_id": "25816781",
      "name": "表单类型",
      "font_class": "blxpz",
      "unicode": "e63b",
      "unicode_decimal": 58939
    },
    {
      "icon_id": "25816770",
      "name": "仪表板",
      "font_class": "ybb",
      "unicode": "e63a",
      "unicode_decimal": 58938
    },
    {
      "icon_id": "25816766",
      "name": "视图",
      "font_class": "st",
      "unicode": "e639",
      "unicode_decimal": 58937
    },
    {
      "icon_id": "25816763",
      "name": "数据集",
      "font_class": "sjj",
      "unicode": "e637",
      "unicode_decimal": 58935
    },
    {
      "icon_id": "25816750",
      "name": "数据源管理",
      "font_class": "sjygl",
      "unicode": "e636",
      "unicode_decimal": 58934
    },
    {
      "icon_id": "25816731",
      "name": "动态报表",
      "font_class": "dtbbpz",
      "unicode": "e635",
      "unicode_decimal": 58933
    },
    {
      "icon_id": "25816615",
      "name": "消息模板",
      "font_class": "xxmb",
      "unicode": "e634",
      "unicode_decimal": 58932
    },
    {
      "icon_id": "25816610",
      "name": "消息渠道",
      "font_class": "xxqd",
      "unicode": "e633",
      "unicode_decimal": 58931
    },
    {
      "icon_id": "25816587",
      "name": "导入模板管理",
      "font_class": "drmbgl",
      "unicode": "e632",
      "unicode_decimal": 58930
    },
    {
      "icon_id": "25816557",
      "name": "意见反馈",
      "font_class": "yjfk",
      "unicode": "e630",
      "unicode_decimal": 58928
    },
    {
      "icon_id": "25816543",
      "name": "角色门户分配",
      "font_class": "jsmhfp",
      "unicode": "e62f",
      "unicode_decimal": 58927
    },
    {
      "icon_id": "25816535",
      "name": "门户显示维护",
      "font_class": "mhxswh",
      "unicode": "e62e",
      "unicode_decimal": 58926
    },
    {
      "icon_id": "25816507",
      "name": "门户内容管理",
      "font_class": "mhnrgl",
      "unicode": "e62d",
      "unicode_decimal": 58925
    },
    {
      "icon_id": "25816420",
      "name": "流程监控",
      "font_class": "lcjk",
      "unicode": "e62c",
      "unicode_decimal": 58924
    },
    {
      "icon_id": "25816358",
      "name": "流程表单",
      "font_class": "lcbd",
      "unicode": "e62b",
      "unicode_decimal": 58923
    },
    {
      "icon_id": "25816321",
      "name": "流程设计",
      "font_class": "lcsj",
      "unicode": "e62a",
      "unicode_decimal": 58922
    },
    {
      "icon_id": "25816156",
      "name": "发起流程",
      "font_class": "fqlc",
      "unicode": "e629",
      "unicode_decimal": 58921
    },
    {
      "icon_id": "25816143",
      "name": "服务配置",
      "font_class": "cbsz",
      "unicode": "e628",
      "unicode_decimal": 58920
    },
    {
      "icon_id": "25816118",
      "name": "我的最爱",
      "font_class": "zdbs",
      "unicode": "e627",
      "unicode_decimal": 58919
    },
    {
      "icon_id": "25816112",
      "name": "系统升级日志",
      "font_class": "xtsjrz",
      "unicode": "e626",
      "unicode_decimal": 58918
    },
    {
      "icon_id": "25816067",
      "name": "角色菜单管理",
      "font_class": "jscdgl",
      "unicode": "e625",
      "unicode_decimal": 58917
    },
    {
      "icon_id": "25815969",
      "name": "角色管理",
      "font_class": "jsgl",
      "unicode": "e624",
      "unicode_decimal": 58916
    },
    {
      "icon_id": "25815966",
      "name": "用户管理",
      "font_class": "yhgl",
      "unicode": "e623",
      "unicode_decimal": 58915
    },
    {
      "icon_id": "25815960",
      "name": "人员管理",
      "font_class": "rygl",
      "unicode": "e622",
      "unicode_decimal": 58914
    },
    {
      "icon_id": "25815932",
      "name": "组织管理",
      "font_class": "bmgl",
      "unicode": "e621",
      "unicode_decimal": 58913
    },
    {
      "icon_id": "25815898",
      "name": "资源管理",
      "font_class": "zygl",
      "unicode": "e620",
      "unicode_decimal": 58912
    },
    {
      "icon_id": "25815765",
      "name": "菜单管理",
      "font_class": "cdgl",
      "unicode": "e614",
      "unicode_decimal": 58900
    },
    {
      "icon_id": "25815744",
      "name": "数据字典",
      "font_class": "sjzd",
      "unicode": "e61f",
      "unicode_decimal": 58911
    },
    {
      "icon_id": "25815743",
      "name": "全局配置",
      "font_class": "xtqjpz",
      "unicode": "e61e",
      "unicode_decimal": 58910
    },
    {
      "icon_id": "25815717",
      "name": "Redis管理",
      "font_class": "redisgl",
      "unicode": "e61d",
      "unicode_decimal": 58909
    },
    {
      "icon_id": "15726799",
      "name": "规则引擎",
      "font_class": "gzyq",
      "unicode": "e61c",
      "unicode_decimal": 58908
    },
    {
      "icon_id": "25809772",
      "name": "运维管理",
      "font_class": "ywgl",
      "unicode": "e61b",
      "unicode_decimal": 58907
    },
    {
      "icon_id": "25809652",
      "name": "词库管理",
      "font_class": "ck-01",
      "unicode": "e61a",
      "unicode_decimal": 58906
    },
    {
      "icon_id": "25809628",
      "name": "DataX管理",
      "font_class": "sj",
      "unicode": "e618",
      "unicode_decimal": 58904
    },
    {
      "icon_id": "25809611",
      "name": "调度管理",
      "font_class": "ddgl",
      "unicode": "e617",
      "unicode_decimal": 58903
    },
    {
      "icon_id": "25809598",
      "name": "默认",
      "font_class": "default",
      "unicode": "e616",
      "unicode_decimal": 58902
    },
    {
      "icon_id": "25809563",
      "name": "动态表单",
      "font_class": "dtbd",
      "unicode": "e613",
      "unicode_decimal": 58899
    },
    {
      "icon_id": "25809555",
      "name": "动态报表",
      "font_class": "dtbb",
      "unicode": "e612",
      "unicode_decimal": 58898
    },
    {
      "icon_id": "25809549",
      "name": "消息管理",
      "font_class": "xxgl",
      "unicode": "e611",
      "unicode_decimal": 58897
    },
    {
      "icon_id": "25809543",
      "name": "门户管理",
      "font_class": "mhgl",
      "unicode": "e610",
      "unicode_decimal": 58896
    },
    {
      "icon_id": "25809507",
      "name": "流程中心",
      "font_class": "lczx",
      "unicode": "e60f",
      "unicode_decimal": 58895
    },
    {
      "icon_id": "25809488",
      "name": "系统管理",
      "font_class": "xtgl",
      "unicode": "e60e",
      "unicode_decimal": 58894
    },
    {
      "icon_id": "25809472",
      "name": "元数据管理",
      "font_class": "ysjgl",
      "unicode": "e60d",
      "unicode_decimal": 58893
    },
    {
      "icon_id": "25807190",
      "name": "租户管理",
      "font_class": "zhgl",
      "unicode": "e60b",
      "unicode_decimal": 58891
    },
    {
      "icon_id": "4766297",
      "name": "area chart",
      "font_class": "areachart",
      "unicode": "e7af",
      "unicode_decimal": 59311
    },
    {
      "icon_id": "4766912",
      "name": "qrcode",
      "font_class": "qrcode",
      "unicode": "e7dd",
      "unicode_decimal": 59357
    },
    {
      "icon_id": "4779612",
      "name": "表单组件-表格",
      "font_class": "form",
      "unicode": "ec15",
      "unicode_decimal": 60437
    },
    {
      "icon_id": "4942647",
      "name": "禁用",
      "font_class": "ban",
      "unicode": "e615",
      "unicode_decimal": 58901
    },
    {
      "icon_id": "9586215",
      "name": "仪表盘",
      "font_class": "yibiaopan",
      "unicode": "e619",
      "unicode_decimal": 58905
    },
    {
      "icon_id": "18592520",
      "name": "drawer",
      "font_class": "drawer",
      "unicode": "e694",
      "unicode_decimal": 59028
    },
    {
      "icon_id": "19835693",
      "name": "dot-chart",
      "font_class": "dot-chart",
      "unicode": "e638",
      "unicode_decimal": 58936
    },
    {
      "icon_id": "1727596",
      "name": "409折线图-线性",
      "font_class": "line-chart",
      "unicode": "e904",
      "unicode_decimal": 59652
    },
    {
      "icon_id": "4354243",
      "name": "图表-饼图",
      "font_class": "pie-chart",
      "unicode": "eb95",
      "unicode_decimal": 60309
    },
    {
      "icon_id": "8559549",
      "name": "堆叠柱状图",
      "font_class": "stack-bar-chart",
      "unicode": "e600",
      "unicode_decimal": 58880
    },
    {
      "icon_id": "15644419",
      "name": "柱状图",
      "font_class": "bar-chart",
      "unicode": "e6d5",
      "unicode_decimal": 59093
    },
    {
      "icon_id": "25577288",
      "name": "bdsj",
      "font_class": "bdsj",
      "unicode": "e60a",
      "unicode_decimal": 58890
    },
    {
      "icon_id": "25577285",
      "name": "bar-stack",
      "font_class": "bar-stack",
      "unicode": "e609",
      "unicode_decimal": 58889
    },
    {
      "icon_id": "25577282",
      "name": "bar-stack-horizontal",
      "font_class": "bar-stack-horizontal",
      "unicode": "e608",
      "unicode_decimal": 58888
    },
    {
      "icon_id": "25577281",
      "name": "bar-horizontal",
      "font_class": "bar-horizontal",
      "unicode": "e607",
      "unicode_decimal": 58887
    },
    {
      "icon_id": "25577278",
      "name": "bannertwh",
      "font_class": "bannertwh",
      "unicode": "e606",
      "unicode_decimal": 58886
    },
    {
      "icon_id": "25577276",
      "name": "app",
      "font_class": "app",
      "unicode": "e605",
      "unicode_decimal": 58885
    },
    {
      "icon_id": "25577275",
      "name": "apizx",
      "font_class": "apizx",
      "unicode": "e604",
      "unicode_decimal": 58884
    },
    {
      "icon_id": "25577273",
      "name": "all-msg",
      "font_class": "all-msg",
      "unicode": "e603",
      "unicode_decimal": 58883
    },
    {
      "icon_id": "25577272",
      "name": "angl",
      "font_class": "angl",
      "unicode": "e602",
      "unicode_decimal": 58882
    },
    {
      "icon_id": "25573469",
      "name": "apigl",
      "font_class": "apigl",
      "unicode": "e601",
      "unicode_decimal": 58881
    },
    {
      "icon_id": "31335",
      "name": "question",
      "font_class": "question",
      "unicode": "e691",
      "unicode_decimal": 59025
    },
    {
      "icon_id": "695379",
      "name": "et-task",
      "font_class": "et-task",
      "unicode": "e631",
      "unicode_decimal": 58929
    },
    {
      "icon_id": "4765723",
      "name": "Dollar",
      "font_class": "dollar",
      "unicode": "e77d",
      "unicode_decimal": 59261
    },
    {
      "icon_id": "5756280",
      "name": "apartment",
      "font_class": "apartment",
      "unicode": "e897",
      "unicode_decimal": 59543
    },
    {
      "icon_id": "6151277",
      "name": "cloud download",
      "font_class": "clouddownload",
      "unicode": "e81b",
      "unicode_decimal": 59419
    },
    {
      "icon_id": "7712696",
      "name": "list",
      "font_class": "list",
      "unicode": "e730",
      "unicode_decimal": 59184
    },
    {
      "icon_id": "7770173",
      "name": "money",
      "font_class": "jiage",
      "unicode": "e7eb",
      "unicode_decimal": 59371
    },
    {
      "icon_id": "11488030",
      "name": "download",
      "font_class": "download",
      "unicode": "e74d",
      "unicode_decimal": 59213
    },
    {
      "icon_id": "3987317",
      "name": "退出全屏",
      "font_class": "out-fullscreen",
      "unicode": "e671",
      "unicode_decimal": 58993
    },
    {
      "icon_id": "5387948",
      "name": "全屏_o",
      "font_class": "fullscrren",
      "unicode": "eb99",
      "unicode_decimal": 60313
    }
  ]
}
